[
  {
    "platform" : "OSX_X86_64",
    "searchTime" : "2022-07-27T12:45:05.452Z[UTC]",
    "searchQuery" : "imagine",
    "searchInteractionURIs" : [
    ]
  },
  {
    "platform" : "OSX_X86_64",
    "searchTime" : "2022-07-27T12:45:05.529Z[UTC]",
    "searchQuery" : "imagine",
    "searchInteractionURIs" : [
    ]
  },
  {
    "platform" : "OSX_X86_64",
    "searchTime" : "2022-07-30T12:48:03.796Z[UTC]",
    "searchQuery" : "hindi p[a",
    "searchInteractionURIs" : [
    ]
  },
  {
    "platform" : "OSX_X86_64",
    "searchTime" : "2022-07-31T09:39:42.840Z[UTC]",
    "searchQuery" : "when chai met to",
    "searchInteractionURIs" : [
    ]
  },
  {
    "platform" : "ANDROID_ARM",
    "searchTime" : "2022-07-31T16:28:24.705Z[UTC]",
    "searchQuery" : "lov",
    "searchInteractionURIs" : [
    ]
  },
  {
    "platform" : "ANDROID_ARM",
    "searchTime" : "2022-07-31T16:28:24.969Z[UTC]",
    "searchQuery" : "love",
    "searchInteractionURIs" : [
    ]
  },
  {
    "platform" : "ANDROID_ARM",
    "searchTime" : "2022-07-31T16:28:25.645Z[UTC]",
    "searchQuery" : "loved",
    "searchInteractionURIs" : [
    ]
  },
  {
    "platform" : "ANDROID_ARM",
    "searchTime" : "2022-07-31T16:28:26.111Z[UTC]",
    "searchQuery" : "lovedoe",
    "searchInteractionURIs" : [
    ]
  },
  {
    "platform" : "ANDROID",
    "searchTime" : "2022-07-31T16:28:27.960Z[UTC]",
    "searchQuery" : "lovedo",
    "searchInteractionURIs" : [
      "spotify:track:1QZRCi2Z1DQQaR6bGAzhtN",
      "spotify:artist:33tFkBLsl6f8TjKkV0uF0C",
      "spotify:track:3yRLROmAcKJBqTrdEczFB8"
    ]
  },
  {
    "platform" : "OSX_X86_64",
    "searchTime" : "2022-08-05T18:32:50.107Z[UTC]",
    "searchQuery" : "hindi ",
    "searchInteractionURIs" : [
    ]
  },
  {
    "platform" : "OSX_X86_64",
    "searchTime" : "2022-08-05T18:32:50.778Z[UTC]",
    "searchQuery" : "hindi par",
    "searchInteractionURIs" : [
    ]
  },
  {
    "platform" : "OSX_X86_64",
    "searchTime" : "2022-08-08T21:10:51.067Z[UTC]",
    "searchQuery" : "bhee",
    "searchInteractionURIs" : [
    ]
  },
  {
    "platform" : "OSX_X86_64",
    "searchTime" : "2022-08-15T18:00:29.169Z[UTC]",
    "searchQuery" : "kes",
    "searchInteractionURIs" : [
    ]
  },
  {
    "platform" : "OSX_X86_64",
    "searchTime" : "2022-08-16T14:42:45.497Z[UTC]",
    "searchQuery" : "k",
    "searchInteractionURIs" : [
    ]
  },
  {
    "platform" : "OSX_X86_64",
    "searchTime" : "2022-08-16T14:42:46.163Z[UTC]",
    "searchQuery" : "ke",
    "searchInteractionURIs" : [
    ]
  },
  {
    "platform" : "OSX_X86_64",
    "searchTime" : "2022-08-30T12:17:09.516Z[UTC]",
    "searchQuery" : "cp",
    "searchInteractionURIs" : [
    ]
  },
  {
    "platform" : "OSX_X86_64",
    "searchTime" : "2022-09-30T12:41:04.002Z[UTC]",
    "searchQuery" : "ar",
    "searchInteractionURIs" : [
    ]
  },
  {
    "platform" : "ANDROID",
    "searchTime" : "2022-09-30T12:44:47.856Z[UTC]",
    "searchQuery" : "na na na",
    "searchInteractionURIs" : [
      "spotify:track:5GjxbFTZAMhrVfVrNrrwrG"
    ]
  },
  {
    "platform" : "ANDROID_ARM",
    "searchTime" : "2022-09-30T12:46:22.258Z[UTC]",
    "searchQuery" : "nach",
    "searchInteractionURIs" : [
    ]
  },
  {
    "platform" : "ANDROID_ARM",
    "searchTime" : "2022-09-30T12:46:22.410Z[UTC]",
    "searchQuery" : "nachi",
    "searchInteractionURIs" : [
    ]
  },
  {
    "platform" : "ANDROID_ARM",
    "searchTime" : "2022-09-30T12:46:33.479Z[UTC]",
    "searchQuery" : "gu",
    "searchInteractionURIs" : [
    ]
  },
  {
    "platform" : "ANDROID",
    "searchTime" : "2022-09-30T12:47:02.375Z[UTC]",
    "searchQuery" : "soch",
    "searchInteractionURIs" : [
      "spotify:track:5ACG6R1PbFnP7WHZNVDHAi"
    ]
  },
  {
    "platform" : "ANDROID",
    "searchTime" : "2022-09-30T12:47:24.775Z[UTC]",
    "searchQuery" : "nikle ",
    "searchInteractionURIs" : [
      "spotify:track:5T3rp70MEW4XnWv82BDVey"
    ]
  },
  {
    "platform" : "ANDROID",
    "searchTime" : "2022-09-30T12:48:13.088Z[UTC]",
    "searchQuery" : "nira ",
    "searchInteractionURIs" : [
      "spotify:track:0Id2IzhR3w50aP2PHfMUE3"
    ]
  },
  {
    "platform" : "ANDROID",
    "searchTime" : "2022-09-30T12:48:45.535Z[UTC]",
    "searchQuery" : "hulara",
    "searchInteractionURIs" : [
      "spotify:track:0A5xDWOEKHxxvz8VgTNQOC"
    ]
  },
  {
    "platform" : "ANDROID",
    "searchTime" : "2022-09-30T12:50:28.062Z[UTC]",
    "searchQuery" : "t",
    "searchInteractionURIs" : [
    ]
  },
  {
    "platform" : "ANDROID",
    "searchTime" : "2022-09-30T12:51:00.348Z[UTC]",
    "searchQuery" : "same ",
    "searchInteractionURIs" : [
      "spotify:playlist:1GRXJZ138FghwdUDLhvQjo"
    ]
  },
  {
    "platform" : "ANDROID_ARM",
    "searchTime" : "2022-09-30T12:51:13.450Z[UTC]",
    "searchQuery" : "same t",
    "searchInteractionURIs" : [
    ]
  },
  {
    "platform" : "ANDROID",
    "searchTime" : "2022-09-30T12:51:13.568Z[UTC]",
    "searchQuery" : "same time same ",
    "searchInteractionURIs" : [
      "spotify:track:2h4ZaaEzAleOt8duN7Yn9f"
    ]
  },
  {
    "platform" : "ANDROID_ARM",
    "searchTime" : "2022-09-30T12:51:13.600Z[UTC]",
    "searchQuery" : "same ti",
    "searchInteractionURIs" : [
    ]
  },
  {
    "platform" : "ANDROID_ARM",
    "searchTime" : "2022-09-30T12:51:14.993Z[UTC]",
    "searchQuery" : "same time same",
    "searchInteractionURIs" : [
    ]
  },
  {
    "platform" : "ANDROID_ARM",
    "searchTime" : "2022-09-30T12:51:59.650Z[UTC]",
    "searchQuery" : "shri r",
    "searchInteractionURIs" : [
    ]
  },
  {
    "platform" : "ANDROID_ARM",
    "searchTime" : "2022-09-30T12:51:59.993Z[UTC]",
    "searchQuery" : "shri ",
    "searchInteractionURIs" : [
    ]
  },
  {
    "platform" : "ANDROID",
    "searchTime" : "2022-09-30T12:52:02.079Z[UTC]",
    "searchQuery" : "shri ram ja",
    "searchInteractionURIs" : [
      "spotify:track:06uXfRRfY9q6mD18D1MuMK"
    ]
  },
  {
    "platform" : "ANDROID",
    "searchTime" : "2022-09-30T12:53:41.927Z[UTC]",
    "searchQuery" : "naja ",
    "searchInteractionURIs" : [
      "spotify:track:32LKwbmh6yVsWoRRF8DIvf"
    ]
  },
  {
    "platform" : "ANDROID_ARM",
    "searchTime" : "2022-09-30T12:53:43.006Z[UTC]",
    "searchQuery" : "naj",
    "searchInteractionURIs" : [
    ]
  },
  {
    "platform" : "OSX_X86_64",
    "searchTime" : "2022-09-30T12:54:07.823Z[UTC]",
    "searchQuery" : "punjabi",
    "searchInteractionURIs" : [
    ]
  },
  {
    "platform" : "OSX_X86_64",
    "searchTime" : "2022-09-30T12:54:10.419Z[UTC]",
    "searchQuery" : "p",
    "searchInteractionURIs" : [
    ]
  },
  {
    "platform" : "OSX_X86_64",
    "searchTime" : "2022-09-30T12:54:10.546Z[UTC]",
    "searchQuery" : "p",
    "searchInteractionURIs" : [
    ]
  },
  {
    "platform" : "OSX_X86_64",
    "searchTime" : "2022-10-11T09:51:53.001Z[UTC]",
    "searchQuery" : "leh",
    "searchInteractionURIs" : [
    ]
  },
  {
    "platform" : "OSX_X86_64",
    "searchTime" : "2022-10-11T09:52:00.660Z[UTC]",
    "searchQuery" : "lehanga",
    "searchInteractionURIs" : [
    ]
  }
]